,0,1,2,3,4,5,6,7,8,9,10,11,12,13,14,15,16,17,18,19,20,21,22,23,24,25,26,27,28,29,30,31,32,33,34,35,36,37,38,39,40,41,42,43,44,45,46,47,48,49,50,51,52,53,54,55,56,57,58,59,60,61,62,63
0,0.18356608,0.44495893,-0.35012704,0.35223335,-0.18338165,0.14727347,0.36960182,-0.17758039,0.26940924,0.33013937,0.06700763,-0.21415101,0.19352259,0.32184607,0.18873556,-0.08683994,0.5209931,-0.15613285,0.8549387,0.5039845,0.71881825,0.18792732,-0.10811613,0.16814329,-0.034040537,0.2123313,0.0057704747,-0.22769628,0.06453152,0.37416297,0.6973584,-0.07193585,-0.18259576,0.047656566,-0.07330729,0.08526869,0.09466336,0.24571478,0.18666176,-0.069984816,-0.23546523,0.46501425,0.19085251,-0.04422134,0.14730614,0.34808567,0.8050889,0.18783294,-0.26674256,0.08559017,0.34123275,0.69196796,-0.31715342,0.35009122,0.40296006,0.3997852,0.6723984,-0.097258374,0.23110294,0.2629046,-0.09747825,-0.05247794,0.118144855,-0.13250217
1,-0.10196519,-0.31529152,0.057597533,-0.12999563,0.1176573,0.066497706,-0.054376524,-0.045819897,-0.05135041,-0.070779435,-0.13363947,-0.079112254,0.1311379,-0.06626478,0.108858086,0.17132789,0.001617685,-0.1273005,-0.39329445,-0.17280258,-0.14316331,-0.21323767,0.10550945,-0.080360875,-0.103645146,-0.091221765,-0.13911834,0.2592951,0.14441128,-0.24656415,0.2139678,0.21825467,-0.17564781,0.10972306,0.087280385,-0.05777977,-0.1274499,-0.10541101,-0.07802957,-0.13381283,0.17891783,-0.12281108,-0.024670083,0.1260695,-0.08407743,0.19828673,0.24496657,0.2108257,-0.17910987,0.1576819,0.058192737,0.3263148,0.06170815,-0.18127759,0.07008031,0.03820886,0.19781907,-0.09552787,-0.05276295,-0.06663394,0.0062453,0.006100876,0.042436764,-0.11159213
2,0.27765042,0.6669923,-0.16763024,0.24711448,0.10807732,0.17614552,0.390637,-0.09326831,-0.014099962,0.23540008,0.09896616,-0.17651363,-0.027343914,0.31386876,0.22339644,-0.017565414,0.8379652,-0.20197734,0.62247616,0.56022173,0.78328884,-0.12276416,-0.026065366,0.047766164,-0.12284228,0.32900605,-0.08591357,-0.1064034,0.10196145,0.6131733,0.7825271,-0.2134268,-0.0160695,0.021584319,0.14294894,0.07587645,0.26974577,0.5526419,-0.042384088,-0.0120252045,-0.05710617,0.122431554,0.17428803,-0.11218064,0.030622378,0.24948448,0.7012859,0.08744596,-0.13222986,0.12291594,0.24286532,0.74212825,-0.119683765,0.64312804,0.15708688,0.12740457,0.7156905,-0.07528795,0.3292132,0.3188471,0.1727496,-0.03562324,-0.15233432,0.19360344
3,-0.05617167,0.11212291,-0.12896541,-0.20958526,0.09859036,-0.123578705,-0.047287665,-0.054437246,-0.053455047,-0.2325326,-0.118349,0.09938658,-0.10843443,0.046901394,-0.036639042,-0.08226369,0.21205713,0.025223047,-0.025345476,-0.056684874,-0.24983497,-0.14533064,0.05279219,0.06253688,0.0027062607,0.025731394,0.0774688,-0.08666313,-0.039185375,0.18803072,-0.13220902,0.021804005,-0.2039839,0.09692798,-0.00801668,-0.061844647,0.054287724,0.13354258,0.009464368,0.09323737,-0.20091936,0.014334903,0.021331787,0.029501215,-0.03369192,0.13209225,-0.07912595,-0.19742113,0.0878248,0.15717034,-0.20147833,0.04199531,-0.023672868,-0.14417645,0.17377716,0.024256894,-0.13927637,0.012572944,0.14359999,-0.014284847,0.0025658906,-0.12813792,0.08410533,-0.07350594
4,0.30505928,0.39489958,-0.46638966,0.29167292,-0.051778965,0.3011008,0.43590412,-0.3946881,-0.012919429,0.7130759,0.26198953,-0.36480907,-0.21227118,0.38028708,0.17620957,-0.1833128,0.7834369,-0.10313292,1.0561599,0.66773593,1.0743108,-0.021403149,-0.22508448,-0.053972945,-0.2049715,0.30988538,0.1912881,-0.48085156,-0.077374324,0.44770685,0.86492586,-0.22076356,-0.3117473,0.24736321,0.034114543,0.08214215,0.042769358,0.373982,0.14227565,-0.33034354,-0.07171162,0.34773684,0.6547856,0.14687066,0.22324619,0.32856694,0.6004858,0.03445597,-0.30215216,0.13978164,-0.041383088,0.96158063,-0.16898957,0.81130177,0.4134355,0.24663228,0.6267695,0.14296599,0.47290963,0.531303,-0.057268202,-0.22593148,0.009946391,-0.1882054
5,-0.2683041,-0.18785457,-0.19981539,-0.17710647,-0.04289978,-0.19525312,0.4066473,0.3228775,-0.027138326,-0.05490134,0.19623667,0.37162155,-0.15536109,0.09272887,-0.29947072,-0.15324582,-0.12632085,-0.07448706,-0.4764964,-0.4986305,-0.7913943,0.20784797,0.27819377,-0.027354062,0.34100118,0.044568595,-0.20044538,0.44445923,-0.18237275,-0.13985176,-0.038346026,0.17018096,0.13161337,-0.31977656,-0.04569487,0.15064438,0.14922093,-0.1984308,-0.1636566,0.11078487,0.2205304,-0.1533502,-0.20489143,-0.015342265,-0.1369923,0.21189,-0.0048617297,0.20680524,-0.013904745,0.049835846,-0.03642658,0.03324175,0.3353885,-0.7722576,-0.26597735,0.028322164,0.19410078,-0.035259873,0.07483131,-0.22885077,0.05614899,0.24654427,-0.13891579,0.11296873
6,0.11765,0.06014076,-0.12701035,0.040068597,-0.20327647,-0.18302734,-0.15824074,0.15537675,-0.09421586,-0.022492869,0.07475795,0.0822603,0.037920788,-0.2567008,0.1454094,0.21616895,0.11565937,0.07754804,-0.03925792,0.034818087,-0.23652579,-0.07539344,-0.14060773,0.16422726,0.027572496,0.08328283,0.07368307,0.16846228,0.13958977,0.044557396,-0.07957251,0.046304498,-0.059575308,-0.28285125,0.029352324,-0.11373896,-0.122684605,-0.081608556,0.16201611,-0.1175186,-0.077675916,0.12972224,-0.29433087,0.123798445,0.11952407,-0.06268242,-0.08686853,0.18209164,-0.02989975,-0.063223064,-0.26778474,-0.101835474,-0.095509745,-0.15633608,-0.24946348,-0.1033601,0.15246943,0.18549941,0.027162565,-0.2726537,-0.0002361536,-0.1575615,0.20594592,-0.16559169
7,-0.2920206,-0.4552256,0.12956084,-0.057463292,-0.19200449,-0.018070387,0.23502657,0.4212835,-0.07975445,-0.15285191,0.042163376,0.37919134,0.023861438,-0.016018413,0.1569453,0.22826259,-0.106098846,0.2123944,-0.45607278,-0.69655883,-0.7866627,-0.18878344,0.15745941,-0.025420234,0.30893323,-0.21047033,0.113230124,0.7462841,-0.011936873,-0.33794677,0.068668745,-0.07300244,-0.14202702,-0.13206545,0.0045600682,-0.15818557,0.34749627,-0.10035419,0.21493645,0.3219334,0.55740976,-0.11232834,-0.25896442,0.026089191,-0.08671273,0.24082954,-0.079033226,0.026773766,0.10171384,-0.06244129,-0.11532835,0.19500564,0.25387296,-0.6395001,-0.189903,-0.18389028,0.49514505,-0.1893199,-0.13119283,-0.20230879,0.026357576,0.12667559,-0.15827666,0.17513384
8,0.21799476,0.2141618,-0.38055974,0.20968446,0.050462186,0.37580094,0.2343081,-0.51810014,0.050466273,0.36808908,0.22789145,-0.103068575,-0.0634646,0.35450494,0.3065059,-0.27160856,0.75008863,-0.18050641,0.99983203,0.2901951,0.6614767,-0.15010174,-0.31952962,0.014351919,-0.30517083,0.2889612,-0.20705643,-0.122887686,-0.10955183,0.58279896,0.8158047,-0.17613797,-0.18550332,0.29811847,-0.17205283,-0.25426748,0.15346391,0.53485125,-0.12876105,-0.22942993,0.03283334,0.12340043,0.2870739,0.09935014,0.07308241,0.12085396,0.88187885,0.11120902,0.003920021,0.09846236,0.2833902,0.9678937,-0.05056468,0.35703415,0.48010534,0.11334704,0.80701685,-0.10653126,0.44982168,0.2764096,-0.07067393,-0.22858249,-0.216088,-0.17659512
9,0.30744097,0.53589946,-0.46393394,0.3944549,0.13564315,-0.03943769,0.49000755,-0.40622395,-0.04388744,0.44419798,0.22354467,-0.22200175,0.2041844,0.24074456,0.23370099,-0.07899426,0.60217696,-0.052478,0.7304114,0.47914684,0.7874024,0.18320875,-0.27655128,0.17339109,-0.40239015,0.3633041,0.19729279,-0.38029075,-0.13074175,0.3793002,0.9347942,-0.28851122,0.08439975,0.3442446,0.10762797,-0.08386882,0.12751137,0.21383135,0.19128968,-0.36152256,-0.39236608,0.43743452,0.4640647,-0.16388454,0.38568518,0.30010003,0.8347908,0.06725611,-0.21104091,-0.012633368,-0.018815596,0.74654603,-0.14207882,1.0560352,0.2242766,0.45378962,0.74857324,0.07240076,0.4291068,0.3767075,-0.12944132,-0.2840577,0.07931723,0.17810325
10,-0.027375292,-0.532022,0.14028662,-0.09826829,0.044047274,0.06259249,0.35694316,0.27611867,0.056583215,0.10664074,0.09908024,0.26841977,-0.113810875,-0.03645071,-0.093264915,0.012702526,0.0058467984,-0.21156469,-0.3707459,-0.48804176,-0.7485731,0.11810808,0.09551103,-0.17228606,0.030676996,-0.08799384,0.018362582,0.4819643,-0.09126049,0.0068973536,0.08931005,0.21547721,0.1321122,-0.005478072,0.1446861,-0.15620282,0.0010485239,-0.23667194,0.1841713,0.2287019,0.02980987,-0.26082236,0.08363004,0.10846667,-0.2333642,-0.0007542938,0.07201604,-0.019693017,-0.08317273,-0.10658908,-0.13695198,-0.18631807,0.26048598,-0.45127997,-0.38846177,-0.08290262,0.2823919,-0.17215103,-0.19486877,-0.074913695,-0.04153329,0.087008834,-0.09792264,0.13591458
11,-0.26033792,-0.2197143,0.14370832,0.10678921,0.12902637,-0.1208388,-0.35808358,0.38210958,-0.025750259,0.14118944,-0.26265046,0.30570334,-0.07571864,-0.29899505,-0.09907837,0.27767324,-0.0962057,0.12748407,-0.4074254,-0.74593234,-0.74264187,0.1858065,0.00060961785,-0.072333604,0.06366642,0.057285674,-0.1926887,0.18408409,0.0023101866,-0.02732785,0.11962546,0.29352537,-0.069610685,-0.14949262,0.049680874,0.089794055,-0.07356977,-0.047505297,-0.07445872,0.12451272,0.15549575,-0.24101467,-0.06833828,-0.11154322,0.12447717,0.17164564,-0.33375192,0.03839673,0.05185742,-0.13694978,-0.26863334,-0.5128202,0.3889431,-0.42444402,-0.3803356,0.030471914,-0.022080623,0.07630797,-0.32744324,-0.069268174,-0.14894658,0.33699661,0.18158229,0.16022019
12,0.33543858,0.42036042,-0.020198796,0.11525453,-0.101455495,0.0009759011,0.42390925,-0.15344833,0.1439387,0.15460052,0.35645396,0.04433946,-0.047390804,0.18994617,0.21914797,-0.053036034,0.60318524,-0.013906166,0.7935276,0.42276108,0.73058796,-0.074504614,0.0075709308,0.16436867,-0.117862575,0.07309225,-0.04226622,-0.16249031,0.17653157,0.2554874,0.8701956,-0.1043039,0.17823134,0.05711502,0.16420288,-0.1571115,0.31652308,0.47706863,0.056231245,-0.013384768,-0.13984323,0.3919642,0.34345967,-0.11947719,0.17568876,0.11427629,0.808198,0.03833346,-0.19657226,-0.04511425,0.122921586,0.5308997,-0.039007407,0.32949066,0.12888297,0.20603213,0.42615443,-0.2029023,0.37191463,0.24316783,0.15789376,-0.036059942,0.19723736,0.1380717
13,0.15310925,-0.16999398,-0.0024006814,-0.05824417,0.15920006,-0.2003504,0.13081306,0.08573683,0.08056182,-0.11514242,0.017770737,-0.18335521,0.15745454,0.08661903,-0.16361271,-0.011036038,0.20742409,0.115293905,-0.07695763,0.04524836,-0.18631354,-0.058571994,0.031353995,0.013817921,-0.03252036,-0.16887513,0.17080535,-0.13860334,0.19291009,-0.04713011,0.06313023,0.1847489,0.15951996,-0.013320257,0.053253632,-0.10519523,0.1714668,-0.22146355,0.110367075,0.053817555,-0.046606373,0.08492088,-0.163299,-0.05172442,-0.2202471,0.031353995,0.07558937,-0.13321567,0.04465545,0.038621053,-0.20438364,0.074761786,-0.09089426,0.13503541,0.14438969,-0.029293356,-0.039800484,-0.19872524,-0.10802442,-0.03668058,-0.004794255,-0.06941341,0.006358415,-0.20453654
14,-0.19272381,0.16144423,-0.006691441,0.013671398,0.17544346,-0.18656829,-0.15557452,-0.107799925,-0.07850889,-0.04749593,0.031637635,-0.091568835,0.016520262,-0.026922865,0.021540299,-0.2115627,0.010801658,0.06366022,0.098809674,-0.15765956,0.030438416,-0.16202877,-0.13211475,0.18438853,0.054367308,0.186053,-0.13018991,-0.006095295,-0.18877412,-0.09889122,-0.21127968,-0.19442791,-0.17733923,-0.22188333,-0.22696799,-0.016972676,-0.21039678,0.09119247,0.02982308,-0.07847951,-0.033892635,-0.16378684,0.10076456,0.19587882,-0.04812695,0.19063045,-0.20970201,-0.034597397,0.03909285,-0.18912062,0.013895632,-0.13069016,0.09538256,-0.14467452,-0.10788425,0.081536755,-0.13991623,0.1639301,-0.0050807535,-0.21800756,-0.14318743,-0.19524705,-0.18853064,0.19453175
15,0.03395147,0.35130286,0.09333905,0.2972138,0.10943029,0.24953517,0.28888947,-0.15530634,0.10037558,0.47242686,0.15916663,-0.11389677,0.075559065,0.3178857,0.2998279,-0.13148898,0.8402765,0.1633334,0.56363976,0.5847275,0.7136532,0.14547174,0.02337641,-0.15817995,-0.25978634,0.22767623,-0.13262287,-0.2859309,-0.05918774,0.3774939,0.60769486,-0.124990076,0.2007044,0.39827356,0.20218186,0.1697966,0.3944665,0.36559072,-0.053504243,-0.23894763,-0.057851955,0.20944855,0.08378272,0.026669234,0.36444134,0.32606417,0.8224184,0.19144045,0.0735956,0.0059167594,-0.019696467,0.63776076,-0.12855455,0.4297419,0.14980341,0.16643769,0.53577924,-0.08177687,0.37793502,0.29463735,0.00031386316,-0.25436392,0.15701987,-0.12612814
16,-0.31980613,-0.02156097,0.01863157,-0.270406,0.11968506,0.061836574,0.21268602,0.27904448,0.19050656,-0.10764443,-0.06695142,0.26747724,0.048574522,0.12627277,-0.049520567,0.27822196,0.11579947,-0.073095694,-0.6408688,-0.5862017,-0.52895004,0.061533585,0.11811442,-0.13221529,0.33923927,-0.10761687,-0.12573712,0.5186084,-0.107264124,-0.3413532,-0.22700578,-0.007871228,-0.10882316,-0.22574595,0.16299394,0.099013574,0.35007298,0.08015097,-0.042616293,0.24930614,0.5593942,-0.30109867,-0.23851804,-0.18599422,0.07521248,0.15465401,-0.022712303,0.20218675,0.0345902,0.11302973,-0.20545712,0.013770997,0.29500857,-0.5201133,0.00787552,0.08480426,0.29089123,0.15604587,-0.010643629,-0.36052224,-0.18529227,-0.10479546,-0.04708104,-0.18867978
17,0.39175558,0.26784465,-0.433106,0.33670786,-0.16471563,-0.05114185,0.41703933,-0.27616143,0.06522114,0.43367097,0.2871115,-0.061630934,0.004126996,0.31296527,0.2954133,-0.24159221,0.75693053,-0.050306693,0.83260036,0.44105843,0.8161572,-0.107339285,-0.3826485,-0.07629505,-0.4029124,0.16936398,-0.1618369,-0.22021407,-0.16189279,0.60368544,0.8744728,-0.1421825,-0.05563004,0.26557243,0.14749579,0.12286325,0.17119811,0.44464856,-0.1603347,-0.42189783,-0.30777937,0.26930162,0.086424276,-0.09145039,0.25669608,-0.00904176,0.49440426,0.17871611,-0.16252154,-0.029178753,0.028734883,0.9292488,-0.18785596,0.7270045,0.20593117,0.27127302,0.48750073,0.011740103,0.34821996,0.49655846,-0.08269909,-0.09828677,0.098915085,-0.12835288
18,-0.30204707,0.0585264,-0.018071631,-0.24010538,-0.2154329,-0.00075517426,0.017615508,0.44896457,0.342203,-0.04100882,0.06468687,0.25062853,0.077931926,0.054262325,-0.20164806,0.19052918,0.16877095,-0.07638274,-0.5519848,-0.009783854,-0.36153057,-0.16520824,0.2126163,-0.16063592,0.455573,-0.23214872,0.03748937,0.3559786,-0.12213162,-0.113886856,-0.0471606,0.06908582,0.31791034,-0.17501757,-0.11649083,-0.026361665,-0.022045344,0.09431609,-0.108033456,0.30539632,0.42178848,-0.24503578,-0.35509485,-0.16392583,-0.45334473,0.15904425,-0.09076818,0.016793698,0.27730557,-0.07750051,-0.40809497,0.09598699,0.36085805,-0.7908195,-0.19317853,-0.27249098,-0.082382254,-0.07200578,0.018369963,-0.16548453,-0.0069112033,0.0329262,0.00035873055,0.112630025
19,-0.0002828403,0.01303628,0.015218124,-0.17137693,0.0610985,-0.23005304,-0.07034931,0.15408774,-0.21724558,-0.19994295,0.15903756,0.18590416,-0.11795365,-0.15979187,-0.2420339,-0.14330244,-0.13492548,0.039375708,0.11060262,0.047986947,0.1072837,-0.05561337,-0.12945896,-0.07504189,-0.04931143,0.16073148,0.052535787,-0.16486467,-0.15241092,0.16016708,-0.002003342,-0.023341894,-0.10376466,0.08494532,-0.037260816,-0.10291808,-0.18862158,0.12802495,-0.21541561,-0.18663216,-0.15553847,-0.16767292,0.07205305,-0.1062616,0.20991577,0.09686236,-0.17158253,-0.197849,-0.017947868,-0.14966673,-0.21423036,0.0028953431,-0.2103178,-0.18834692,-0.20725559,0.08018432,0.14544843,0.1044222,-0.15748568,-0.23659319,0.034019426,0.17409791,0.20934235,0.09274764
20,0.23064017,0.45106593,-0.06839063,0.4516206,0.1576008,0.0050512785,0.20544699,-0.17769484,0.031164905,0.67695934,0.26834542,-0.0203397,0.10937838,0.44961178,0.08832103,-0.28054413,0.4670564,-0.011496097,0.6772163,0.5788114,0.8249853,0.019501239,-0.13562483,0.15748067,-0.28533158,0.4951006,0.00094790757,-0.19142953,-0.10302036,0.72958434,0.888339,-0.25332505,-0.0031548047,0.23854308,-0.13076937,0.16467474,0.26078853,0.5402124,0.077749,-0.29732427,0.06155822,0.3801929,0.29194832,-0.017582878,0.34539774,0.42093483,0.9705831,-0.14734414,-0.28693247,0.089166,0.1584994,0.759821,-0.027412059,0.74628246,0.604226,0.10394033,0.68591225,0.1514294,0.45025918,0.38547707,0.009038508,-0.1502392,-0.009499475,-0.20653908
21,0.30168417,0.6361608,-0.20906018,0.18693592,0.0757472,0.24551934,0.34569022,-0.018264305,0.25471392,0.3764882,0.31136093,-0.18952616,-0.032085493,0.15368536,0.27043316,-0.023055837,0.67624533,-0.16978306,0.46104765,0.4177596,0.798327,-0.00021351874,-0.118379205,0.11485855,-0.3329264,0.37088946,-0.21395688,0.075665206,-0.18287238,0.40098116,0.97351056,-0.187177,0.13313502,0.35517678,-0.0702271,0.0887872,0.36474925,0.47532824,-0.16392596,-0.11423042,-0.22906299,0.19077377,0.28179696,0.16884686,0.046842836,0.16412804,0.71359986,-0.109109454,-0.031503845,-0.007719174,0.10639111,0.8028068,-0.059783358,0.41074756,0.2202527,0.35648438,0.44348,0.0631464,0.16127424,0.35467184,-0.08616777,-0.28502053,0.0659854,-0.13974129
22,0.30475628,0.5900264,-0.5020052,0.24653795,0.029889284,0.26560977,0.41777694,-0.3106208,0.24537097,0.41851026,0.34501094,-0.18847105,0.21483879,0.440918,0.34862038,-0.13035963,0.63530266,0.17980231,0.6144016,0.4719941,0.54458827,0.019151866,-0.07114022,0.03324634,-0.21205872,0.30307966,-0.025718957,-0.122377,-0.058047727,0.5933734,1.1496897,-0.20686488,-0.1412047,0.15237775,0.0051157977,0.15452522,0.27927625,0.51162666,-0.07642208,-0.37276953,-0.20515572,0.29072097,0.074529745,0.050306752,0.22697215,0.13397178,0.89152557,0.032583803,-0.091994606,0.12140058,-0.0098614395,0.5850433,-0.3084683,0.47118387,0.22806658,0.09514104,0.64238286,0.179816,0.3119014,0.39410228,0.15231736,-0.3598305,0.1407383,0.07732834
23,-0.1695354,-0.30454147,0.16555767,-0.3195582,-0.17587228,-0.022367328,0.30552092,0.19790322,0.044575572,0.04817989,0.06350204,0.27389508,0.01592651,-0.04653113,-0.106920324,0.18643695,0.1278436,-0.105220236,-0.654707,-0.56562066,-0.50323445,0.19082396,0.10149571,-0.016935825,0.08238461,0.06477494,0.14881496,0.36160016,-0.15086928,-0.14075038,0.15121576,0.06727539,0.06255254,-0.25490174,0.06746063,0.12589748,0.16821535,0.004174075,0.17862983,0.36022428,0.22186482,-0.079052106,-0.27964446,0.0036093146,-0.037863016,0.09923662,-0.33580554,-0.0014407635,0.24009381,0.21155782,0.07333288,-0.05190875,0.015751882,-0.50764394,-0.12544563,0.01418815,0.18501593,0.03921728,-0.2686473,-0.14161392,-0.056187272,0.32522124,0.14747839,-0.07458389
24,-0.17633435,-0.40615907,0.17754756,-0.23807678,-0.053093992,0.117309354,0.19828975,0.026738813,0.115278654,0.01508514,0.15573855,-0.06318419,0.19070442,-0.18575355,-0.21857187,-0.19613743,0.14145063,0.077820644,-0.1776152,-0.28369248,-0.49491754,-0.11013603,0.06390133,-0.0693436,-0.029320182,-0.22316486,0.12617798,0.16820832,0.11467494,0.15193452,-0.047874767,-0.082139395,-0.16248928,0.1334495,0.0842659,0.039350804,0.16487895,0.16587493,-0.16089055,0.10691029,-0.09275497,0.14428173,0.045093544,-0.111021586,-0.17811455,-0.102396235,0.18176907,0.20896672,0.15781498,-0.05710958,0.13521616,0.2248753,0.039803598,-0.168958,-0.06540565,0.17267536,-0.041863367,0.2136888,-0.20053129,-0.11089906,-0.026612192,0.1903645,-0.06727925,-0.13168006
25,-0.09648818,-0.3990539,-0.12512161,-0.28984317,0.06138551,-0.1964133,0.41469154,0.34183937,0.15786435,-0.035299245,-0.016769504,0.36426178,-0.14718783,0.023301762,-0.060993712,0.25258374,0.08974452,-0.06379387,-0.7520386,-0.2582403,-0.5251434,-0.08358684,0.22391489,0.07969464,0.31345454,0.06619039,0.2116123,0.4041993,0.034242824,-0.13562794,-0.09659936,-0.014174568,0.077746,-0.30521062,0.17506331,0.18058194,0.2532036,0.03226867,0.19506897,-0.057990003,0.47306436,-0.08745802,-0.14434408,-0.14206722,-0.21674082,0.35272306,-0.19985192,-0.014487192,0.23098005,-0.012798861,-0.030493584,0.09254554,0.35962537,-0.32293043,-0.4070919,-0.2446805,0.38408607,0.093362615,-0.22824238,-0.23759386,-0.07450853,-0.0016066943,0.05420895,0.08743437
26,0.08588187,0.67023283,0.0040912493,0.058704995,0.18953453,0.3494369,0.4229434,-0.36173877,0.15464896,0.17662528,0.115495294,-0.06439082,0.0682673,0.4205588,0.24099249,-0.08767647,0.73289204,0.12143771,0.8096457,0.44855726,0.88195664,0.18447532,-0.20664573,-0.05057305,-0.079305306,0.3150943,-0.053589806,0.010455719,0.21179946,0.5701421,0.7110882,-0.25747278,0.051310614,0.39238384,-0.17146875,0.0659864,0.116543226,0.57875115,0.08807106,-0.19929199,-0.11589749,0.3337104,0.37964445,-0.070548594,0.40213335,0.23009014,0.86521095,-0.120900534,-0.2955307,0.06311916,0.31621495,0.73134327,-0.38731933,0.73421127,0.23408306,0.26326534,0.6896607,0.014348105,0.574133,0.521315,0.08091988,-0.23200886,-0.049593553,0.053261295
27,0.36809507,0.45219344,-0.54142964,0.45916376,0.096856885,0.33896375,0.40386865,-0.43930757,0.22359098,0.4606139,-0.0026794227,-0.339667,-0.15982622,0.19721076,0.10370234,-0.086179525,0.60712504,0.13398995,0.6255157,0.41028243,0.8680312,0.13294257,-0.21327338,-0.046225503,-0.30465123,0.16511339,0.06386794,-0.05066172,0.11571787,0.42025915,0.8408104,0.01647014,-0.2718744,0.046428837,-0.03883802,-0.06790926,0.09470869,0.5429095,-0.014387801,-0.22051015,-0.1982077,0.1059289,0.062286846,0.13065262,0.20635247,0.3367935,0.8641956,-0.05024697,-0.071474485,0.037186578,0.21341476,0.5195549,-0.09443834,0.42327973,0.5258611,0.053227246,0.614647,-0.027641296,0.16412307,0.4249361,-0.15653524,0.068721324,-0.0723868,-0.024924636
28,0.040477358,-0.188433,-0.20196253,0.14297223,0.14890571,-0.21173394,-0.041959148,0.18273106,0.16767631,-0.20483541,0.0020925796,0.016761959,0.11477913,-0.14605968,-0.20337084,-0.10116166,0.01765059,-0.16950625,-0.08776647,0.14911976,-0.12599419,0.11604245,-0.018007025,-0.027615353,0.14015608,0.14182357,-0.19394027,-0.12823668,0.095824376,-0.047440693,-0.017408207,-0.11386508,-0.196748,0.018677475,-0.15454596,-0.12375274,0.17589238,0.040035944,0.0004053414,0.07075946,-0.17068195,0.10287918,-0.09442796,-0.1977286,-0.18234345,-0.04966792,0.1175845,0.017782614,-0.036825895,-0.1592508,-0.07064569,0.15062271,-0.031540386,0.07290265,-0.19701616,0.05753903,0.18189965,-0.1094688,-0.0023000618,0.080439016,0.05064772,0.10770391,-0.13152882,-0.16539228
29,-0.051613744,-0.1615524,-0.0044896007,0.12587377,0.10073695,-0.13728268,-0.20413582,0.017867766,-0.08882841,0.15642539,-0.035638705,-0.21725956,-0.17621537,0.0076366714,0.12514186,0.039626762,0.1541486,0.099358305,-0.15343255,-0.039177965,-0.07794984,-0.117150865,-0.11425848,-0.07449348,0.15166865,-0.03189455,-0.19125378,0.0055783275,-0.08281225,0.031302508,-0.20096034,-0.050378434,-0.22072473,-0.019691527,-0.08110711,-0.15886615,-0.20361328,0.0702252,0.14987008,-0.008404195,0.07953092,0.06328531,-0.093383975,-0.09888611,0.09643988,0.11461951,-0.20193033,-0.16506714,0.0044448967,-0.021733955,0.032493003,0.13149163,0.06475767,0.092987165,0.11697519,0.14678168,0.14351721,-0.13001093,-0.086319596,-0.18934315,-0.007532418,-0.023181953,-0.002042085,0.17966793
30,0.050588045,-0.2171165,-0.179174,-0.3228151,-0.11441,0.06747817,0.2640211,0.31506723,-0.058739867,-0.18473841,-0.03498258,0.026444416,-0.046415597,-0.13791272,-0.041626196,0.04159045,-0.20438018,0.13237943,-0.42952207,-0.5388644,-0.74453664,0.07237671,0.2591613,0.11319281,0.11742764,-0.22476834,-0.098480456,0.56650794,-0.14255871,-0.21466643,0.008463848,0.2548146,-0.08516571,-0.1590855,-0.050996207,-0.14310841,0.39674547,-0.049061295,-0.056565434,0.24932902,0.39416048,0.024107799,-0.2767881,0.008205667,-0.049896505,0.27582127,0.016410572,0.09104483,0.29873312,0.20884149,0.11749708,-0.10303104,0.23907422,-0.63299495,-0.27121067,-0.24484733,0.4760703,-0.20833795,-0.027507108,-0.036351305,-0.17265281,-0.030017396,0.014528006,-0.02064678
31,0.00396161,-0.07472492,-0.14923812,-0.10298218,0.044115946,0.15497729,-0.18876757,0.017526373,-0.06339696,-0.10487753,-0.08618153,0.08466114,0.04366426,0.11935816,0.07221467,-0.20694119,-0.07384768,0.20946462,-0.022816595,-0.08278761,-0.12762131,0.16572247,0.008516893,0.15497024,-0.0614053,0.12630354,-0.11561951,-0.17708349,-0.19160776,-0.12554061,0.07481705,-0.18885839,-0.01122928,0.042706076,0.001318069,-0.06898293,0.030610563,-0.002094094,0.1460687,-0.19161852,0.054965034,-0.09351247,0.110167645,0.13346441,-0.12134081,0.14763564,0.0682947,-0.2150414,-0.15583038,0.06667648,-0.1997903,0.07923346,-0.196315,-0.15026917,-0.20706217,0.021160126,0.13263923,-0.1930892,0.1216626,0.02305217,-0.12394776,-0.032064646,-0.20781699,0.05006863
32,-0.1357251,-0.1631706,0.13410266,0.15639633,0.06292428,-0.053167555,-0.08486071,-0.16250998,0.06573705,0.19247137,-0.20580241,-0.1476792,-0.03652154,0.13493115,0.0028348304,0.11354239,-0.13348879,-0.020728871,-0.049754187,-0.21469621,0.079281606,0.020064533,0.05387657,-0.21517114,-0.07020439,0.15715693,0.12319623,0.03538881,-0.1636223,-0.1020568,0.071708165,-0.20910054,-0.029488754,0.13048588,-0.07656343,0.15125693,0.020422673,-0.0030203685,-0.09736053,0.14731006,0.075568885,-0.1052533,0.05846674,-0.10556864,0.14232287,-0.05962239,0.16534124,-0.040350065,-0.06545609,0.17182104,-0.19701037,0.08269786,-0.07110255,-0.046148755,-0.042711254,-0.19307885,0.043002967,0.1892866,0.099872276,-0.16957963,-0.18224028,-0.16229172,0.13380246,-0.09731422
33,0.058382522,0.41492268,0.08184751,0.33629134,-0.07927792,0.19666529,0.42112347,0.04968432,-0.077730246,0.22673099,0.17478488,-0.12885869,0.21336,0.27038258,0.09930778,0.110110365,0.6152529,0.1217189,0.76675755,0.27395123,0.6816912,-0.0074500293,0.10368533,0.2063571,-0.16652004,0.32161942,0.09089847,-0.16990197,0.1953222,0.5677041,0.42799833,-0.101970024,-0.040347815,0.12304983,-0.11553781,-0.13150692,-0.10514153,0.2050366,-0.19718319,-0.11011451,-0.0472303,0.067705594,0.39785656,-0.15302277,0.21052614,0.1289667,0.53741604,0.19281097,-0.27649403,-0.059181497,0.18295985,0.5339774,0.052331664,0.3455092,0.24614295,0.3274315,0.52922046,-0.11762182,0.3110499,0.34882087,0.21288706,-0.10694159,0.15810083,0.084401086
34,0.29240385,0.30097556,-0.3300471,0.1446307,-0.19524205,0.36493063,0.15031196,-0.1550885,0.08193681,0.32290417,0.051131386,-0.0662384,0.041925624,0.14064507,0.32797715,-0.31974593,0.52754694,0.010464534,0.83514464,0.24737543,0.79811597,-0.08438608,-0.051534325,0.1269475,-0.3733381,0.37254307,0.16562815,-0.38049293,-0.05366315,0.46968755,0.8419498,-0.013761293,-0.21355323,0.29821593,-0.18654494,0.040283393,0.1275756,0.3180554,0.11276199,-0.3398845,0.021991821,0.042514578,0.3202921,-0.1325166,0.06066622,0.2028794,0.7454793,0.108078614,0.0054842625,-0.07721433,0.32342303,0.8842321,-0.2617425,0.63633955,0.35150862,0.39134848,0.66393703,0.022436097,0.37486562,0.14628007,0.19814862,0.022574035,-0.023858935,0.18561481
35,0.308106,0.36233646,-0.43933895,0.48033857,-0.096688524,0.009310745,0.11144339,-0.3802251,0.14498326,0.45141083,0.33013275,-0.3324175,-0.028864443,0.514567,0.31150126,-0.3345477,0.41835445,0.06357877,0.7090273,0.64561653,0.69708556,0.019840196,-0.2736051,-0.11316987,-0.0585848,0.26021838,0.10968287,-0.461869,0.049082056,0.5032417,0.8487896,-0.16959214,-0.2171717,0.3939032,0.1816682,-0.098217085,0.03483494,0.37566492,-0.1265699,-0.47821432,-0.27364355,0.26920134,0.1912569,0.19499342,0.33093983,0.27854633,0.839554,0.059168294,-0.033991814,0.16554679,0.048224173,0.76098865,-0.20555419,0.76032263,0.3994411,0.15811622,0.6567245,0.16507949,0.15914485,0.4935521,0.086326405,-0.26830256,-0.009966955,-0.20925969
36,0.43453085,0.5339135,-0.17756784,0.33323458,0.1252667,0.27101544,0.09092333,-0.056159534,0.17510548,0.15273492,0.22847581,0.02482711,0.20310064,0.23024265,-0.042152304,0.08057395,0.7821617,-0.1840396,0.81579447,0.5280173,0.5556197,0.0150505155,-0.17022291,-0.05096683,-0.20367588,0.22499292,0.041479155,-0.16417176,0.12589635,0.36557737,0.9339923,-0.2496567,0.18107301,0.19796348,-0.01367867,-0.16451891,0.4124386,0.19982892,-0.0130440295,-0.006825166,0.08063096,0.3805953,0.22467564,-0.020912841,0.11101361,0.03547404,0.81001717,0.09200333,-0.2083878,-0.07011391,0.29883406,0.5241149,-0.12627509,0.35416025,0.5243677,0.17559132,0.59409636,-0.017667085,0.37772113,0.18302934,-0.060062304,-0.23109612,0.10500087,-0.010186851
37,-0.10780515,-0.13567738,0.01995036,0.09829377,0.075278476,-0.049463056,-0.07638294,-0.032919835,-0.16429934,0.13590483,0.11759012,0.079301156,0.15909185,0.09201452,0.10116868,-0.023439191,-0.16760439,-0.024815172,0.21046473,0.13209894,0.04086399,0.020894676,-0.12316723,-0.15696487,0.028123105,-0.112216875,0.19262321,0.039017472,0.032236338,0.004355654,-0.1499052,-0.21186627,-0.21693504,-0.03755568,-0.13237888,-0.026388884,0.175474,-0.2034384,-0.19133566,-0.14471634,-0.2101428,-0.041602463,-0.1927396,0.04201497,0.0063343346,-0.11904913,-0.02736625,0.16020127,0.08408727,-0.14302668,-0.12982257,-0.010795224,0.08734162,0.07535936,0.011321709,-0.19836524,0.020393439,0.02091086,-0.15730523,0.07262008,0.19474198,-0.1813149,-0.0030464828,0.088363364
38,0.19093452,0.47426,-0.29495966,0.45328572,-0.13270734,0.22520919,0.267053,-0.18395032,-0.1364812,0.37516147,0.30733192,-0.4218907,0.03401251,0.33392233,0.025927676,-0.013827181,0.5567652,-0.1497482,0.5879745,0.64651924,0.8366389,-0.19375671,-0.08060906,0.045199975,-0.33689234,0.45047152,-0.09242497,-0.10812226,0.060773507,0.52441955,0.69313145,-0.041487467,-0.21047097,0.28573498,-0.20453057,0.1267554,0.2519345,0.43614596,-0.1405921,-0.34734038,-0.22722308,0.3438894,0.39349762,0.20397274,0.1308003,0.11321134,0.87812936,0.122243986,-0.3519466,0.0503719,0.23699646,0.92046374,-0.2810624,0.6870701,0.27018502,0.3178685,0.34062105,-0.0782167,0.15544318,0.24893638,-0.024615869,-0.29371312,0.2095745,-0.19246386
39,-0.22853293,-0.05216577,-0.014232333,-0.09573393,0.072199956,-0.007175318,0.034854475,0.20382771,-0.056400727,-0.009514515,0.15717699,0.3156836,-0.06475143,0.123542644,-0.15591243,0.061770942,-0.07164395,0.15281375,-0.490758,-0.43590492,0.031204622,-0.03443797,0.1352204,-0.0026305318,0.30326504,0.015408476,0.17455028,0.59223425,0.13838889,-0.35153505,-0.061350577,0.32504988,0.08097998,-0.027194638,-0.27004442,0.08659841,-0.19275533,0.01973204,-0.011500895,-0.014334434,0.5150311,-0.18929146,-0.25837576,-0.10911072,-0.53600574,-0.035970088,-0.15670654,-0.084857345,0.20903105,-0.048009068,-0.3927176,0.10920086,0.40164736,-1.0634649,-0.050361965,-0.37818024,0.13783638,0.07906623,-0.044233818,-0.1724626,-0.108938135,-0.011551865,0.21126868,0.16553496
40,0.34374106,0.4678529,-0.49374965,0.37772936,0.09807088,0.23783158,0.44810817,-0.4167627,-0.027766343,0.3440949,0.24558304,-0.36180803,-0.06721367,0.5110191,0.04156646,-0.060605306,0.7106724,-0.036036834,0.5403749,0.46844405,0.69283754,-0.06028855,-0.2921205,0.080391005,-0.2351971,0.14709476,0.11390512,-0.29299855,-0.11938012,0.5358661,0.758956,-0.0136977285,-0.24712417,0.271576,0.0367882,-0.12103471,0.0032811803,0.47751847,0.12848185,-0.16826594,-0.108689144,0.1434368,0.41150033,0.0055184662,0.39209095,0.33299676,0.7462483,0.14202197,-0.24839638,-0.13847741,0.354796,0.64754224,-0.014961815,0.45437738,0.5145416,0.2190703,0.8088757,0.07914211,0.37208822,0.49200115,0.1336203,-0.14498353,0.051409915,-0.1976196
41,-0.3296861,0.093087375,0.0965523,-0.1734687,-0.062916264,0.062093515,0.21112218,0.26851365,0.09897432,-0.17055993,0.35201287,0.26254967,-0.10427122,0.11078997,-0.08946686,0.10290777,0.14941263,-0.061663702,-0.84765077,-0.26737756,-0.18887949,0.077529475,0.1810525,0.11550678,0.46158093,-0.40441525,0.1493337,0.59315646,0.08727457,-0.30669415,-0.18211338,0.061765514,0.065743774,-0.059069555,0.058074433,0.03507881,0.07218794,0.0340685,-0.039055973,0.23925851,0.6342397,-0.051616926,-0.30672804,-0.11579233,-0.4873173,-0.02643903,-0.11160025,-0.17081222,0.4184758,-0.19660418,-0.34247482,0.22979753,0.18813455,-0.9008517,-0.33590308,-0.47572762,0.37273642,-0.14108777,0.13820651,0.09653455,-0.08950639,-0.04828926,0.09584127,-0.035719126
42,-0.19513458,-0.056266986,0.1769147,0.07163213,0.20042308,0.04448642,-0.120091185,0.076061115,-0.090757325,-0.020437583,0.033840753,-0.119924106,0.088216916,-0.06644344,-0.17624266,-0.075297296,-0.19940735,0.13794328,0.06391169,0.042970434,-0.14079599,-0.016178906,-0.19922541,-0.115802035,-0.22028083,-0.15091528,0.047055826,0.026914477,-0.17717177,-0.16689934,0.18310931,-0.035163697,-0.16891131,0.039481133,-0.19004676,0.0882469,-0.097460814,0.06705391,-0.15626349,0.0848871,-0.06185168,0.17059821,-0.13989681,-0.08645637,-0.0398526,-0.092095375,0.15163034,-0.067195,0.0042902385,-0.118358545,-0.115058824,-0.14807495,0.18650334,-0.19242465,-0.010960448,-0.079334125,0.09779803,0.13357143,0.06481359,0.03196259,-0.14207,-0.0997377,-0.14286618,0.0716133
43,0.30774668,0.36459798,-0.4114374,0.446178,-0.044951152,0.23201612,0.10862694,-0.41542566,-0.005978379,0.30648217,0.32770723,-0.4161293,-0.009414941,0.47914454,0.02963056,-0.30021787,0.49569675,-0.007458031,0.55673444,0.43941385,1.0426959,0.114075586,-0.19900966,0.12739672,-0.093194894,0.16797712,-0.09665567,-0.24320541,0.13202001,0.72339606,0.7355359,-0.03824202,-0.28520268,0.092296794,-0.081494816,-0.09742201,0.41115695,0.44078597,0.012210965,-0.31068456,0.0042026723,0.2571021,0.24659732,-0.18969122,0.27569067,0.34425053,0.54716027,0.10200195,-0.361095,0.046993032,0.1586846,0.9032123,-0.20449893,0.45100093,0.21004832,0.44314915,0.5273528,0.052004144,0.364133,0.421773,0.030778691,0.016451009,0.07395013,0.07188435
44,-0.21224159,-0.37390703,-0.0053812843,-0.36851,-0.12064276,-0.31044415,0.3102618,0.44243792,0.18463491,0.015434077,0.1260397,0.09809252,0.13576518,-0.16754425,0.14391226,0.16445974,-0.119447276,0.21059628,-0.7993751,-0.5966349,-0.9751367,-0.0038573146,0.062375046,0.03227979,0.19821404,0.071870714,-0.12586217,0.7053165,0.14986445,0.06328117,0.16925907,-0.11348069,0.23107497,-0.028240282,0.15408844,-0.21320923,0.26446444,0.0058532762,0.09945266,0.14026108,0.31994542,-0.07058275,-0.14286202,0.051326647,-0.05924705,0.19431168,0.095373064,0.017237559,0.25830662,-0.025014222,-0.057982314,-0.08913478,0.22301385,-0.65734416,-0.03748153,-0.070968874,0.42238367,0.17931052,0.056332294,-0.0869767,-0.15299514,-0.08554475,0.17911975,-0.17494585
45,-0.08336687,0.13940957,0.049707755,0.111082956,0.11382164,-0.14773728,-0.10442536,0.033080533,-0.022511492,-0.01575163,0.09374931,-0.13288942,-0.16880149,0.009437347,-0.06648658,-0.22395551,0.12851276,-0.07976605,-0.010209978,-0.20610845,-0.20742129,-0.08020182,-0.19566071,-0.14201544,-0.09844718,-0.21507849,-0.12210922,-0.062754475,-0.11826256,-0.1618397,-0.06922725,0.11334102,-0.14778489,-0.19159384,-0.2090815,-0.022869602,0.10379194,-0.034222994,-0.07036476,0.07017331,-0.011079615,0.0240587,-0.17147826,-0.21282691,0.066789314,-0.20612267,-0.035946503,0.073659435,-0.0026657365,-0.0066631734,-0.06056881,-0.1571472,0.11566692,-0.17263821,0.073881075,-0.1510517,-0.09030407,0.07715936,-0.12127626,-0.052041665,-0.003751114,0.19627811,0.19582461,0.21438058
46,0.27418205,0.3696005,-0.24466959,0.27321336,-0.19646639,0.19771186,0.19642408,-0.48889405,-0.097241305,0.35002097,0.29650557,-0.14060184,-0.11276218,0.5055421,0.25827324,-0.30002764,0.6512904,0.07397257,0.79932725,0.5133596,1.0008923,0.16997929,-0.18964678,0.21464317,-0.41106564,0.47819546,0.1667278,-0.38177624,-0.16205144,0.54856277,0.65009505,-0.2029367,-0.018446924,0.3763961,0.1355225,-0.13491179,0.25004977,0.39674652,0.07127784,-0.33207825,-0.24825603,0.05380427,0.39583397,-0.046888143,0.12336475,0.3230074,0.52754056,-0.21177992,-0.25303432,0.01118651,0.094537735,0.5549798,-0.18094873,0.7412633,0.5759322,0.09146442,0.6570628,-0.075235024,0.14273901,0.374807,0.012849972,-0.19853298,-0.09637569,-0.06585319
47,0.2219505,0.6424608,-0.21813731,0.4098944,-0.051772643,0.17489436,0.31708145,-0.17560287,0.006394346,0.5927629,0.14064522,-0.293633,0.11090456,0.26662862,-0.022018664,-0.17199749,0.6218795,0.17995243,0.85387343,0.4109515,0.87334883,0.035944417,-0.26992655,0.18739219,-0.0615622,0.2956592,-0.164172,-0.07347444,-0.17824593,0.40675977,0.68514985,-0.31237957,-0.2688618,0.344345,-0.20945098,-0.23098962,0.21665949,0.3760214,-0.11108838,-0.09643847,-0.23790771,0.14982778,0.44267994,-0.18137255,0.23299728,0.39686748,0.6264519,0.18566932,-0.11728153,-0.18430458,0.25323418,0.87873137,-0.40436307,0.58083767,0.5768774,0.38837138,0.6301728,0.111203805,0.4348829,0.46751317,-0.12492332,-0.22409357,0.14344682,-0.14284112
48,0.164951,0.50822407,-0.5118223,0.58610064,-0.07341224,0.35487005,0.24056771,-0.13875456,0.12845108,0.41756395,0.10169761,-0.43849212,0.15613334,0.43526924,0.13657883,-0.0951403,0.71208537,0.120836094,0.6840668,0.6447474,0.8940511,0.09749447,-0.35456002,0.1650048,-0.33720854,0.2784436,-0.14544535,-0.09410601,-0.13059488,0.3308225,0.9194737,-0.26508957,-0.07333594,0.30957067,0.14158586,-0.093299925,0.14093652,0.20524995,-0.13571718,-0.35079238,-0.31363803,0.43517667,0.28480616,0.12922968,0.22412953,0.36394075,0.9112055,-0.013323262,-0.32608086,-0.10651841,0.38126555,0.56188244,-0.4050077,0.56545055,0.43949884,0.33729497,0.5444347,-0.006915912,0.5084953,0.605753,0.11929904,-0.34854844,0.13455413,-0.21068475
49,0.4093986,0.28642938,-0.6004352,0.47035894,-0.11810516,0.29724684,0.4980298,-0.51644045,0.16197546,0.3632918,0.2645781,-0.3843446,-0.0024039596,0.53947395,-0.062979594,-0.25489062,0.70519704,-0.16524568,0.86831284,0.32113463,0.7604703,0.13822602,-0.23588343,-0.01686284,-0.28734607,0.25041676,-0.10911689,-0.37775537,0.015089542,0.39939395,0.84635204,0.086440586,-0.21001412,0.07699531,-0.19597177,-0.29080367,0.2634776,0.54128724,-0.1398875,-0.43231454,-0.27905855,0.24637415,0.3232604,-0.010599941,0.3101646,0.1432357,0.7042295,0.07355951,-0.17250572,0.16737927,0.2793899,0.73005027,-0.18164289,0.7217817,0.56677645,0.12210768,0.45498,-0.10810203,0.53605765,0.5204802,0.10412063,-0.12640618,0.07016556,-0.058038846
50,-0.23179223,-0.2733377,-0.123726115,-0.25256106,-0.14620149,0.036161434,0.15816458,0.44033545,-0.10878911,-0.028759683,0.122579575,0.1603101,-0.01300849,-0.01290712,0.022168126,0.24817418,-0.18028241,0.01887314,-0.33695617,-0.47893018,-0.6625309,0.021667257,0.083064236,-0.0059846193,0.2981943,-0.31697124,-0.14633578,0.4321271,-0.1271082,-0.15694733,0.28766418,0.029170869,0.13052516,0.026763313,0.13814676,0.012835766,0.1742135,-0.060550638,-0.09246285,0.13465206,0.46632808,-0.21670736,-0.009371535,0.042736188,-0.0077459193,-0.06867877,0.009937073,-0.054965973,0.28946763,0.19709899,0.086000144,0.17680353,0.027557008,-0.6255893,-0.4124201,-0.20106962,0.03185398,-0.022666872,-0.1642946,-0.19973026,0.1286165,0.03561514,0.10955645,0.15001978
51,0.44571707,0.31763828,-0.5095199,0.38762122,0.17377537,0.2367332,0.4060886,-0.5347247,0.10472464,0.5807849,0.23154883,-0.45008743,0.023320332,0.2938885,0.07695915,-0.072965905,0.774896,0.14303438,0.8622804,0.6553365,0.9188134,-0.11888922,-0.13174896,0.16024466,-0.24761859,0.30665,0.082209274,-0.3908419,0.050454482,0.6070885,0.657895,-0.28783914,-0.011434002,0.17128931,-0.1361167,0.16574872,0.3846365,0.52337444,0.14666168,-0.33504716,-0.30482757,0.35272774,0.44944054,0.07049544,0.29218236,0.37768918,0.722682,0.12623154,-0.009788265,-0.05381742,0.3279619,0.868771,-0.43315923,0.58731663,0.36146164,0.20731276,0.75110584,-0.090858996,0.53834814,0.5458803,-0.00043992698,-0.28110248,0.062489763,-0.1447508
52,0.40131247,0.42770544,-0.60596085,0.18133968,-0.021279633,0.1660044,0.31542036,-0.09577032,0.22366765,0.17545888,0.076741435,-0.10854154,-0.14729214,0.529864,0.121118866,-0.3312327,0.40766475,-0.056938723,0.7564397,0.4717943,0.81925255,0.15476094,-0.33150485,-0.10956477,-0.34447053,0.43838012,0.19076617,-0.46990016,0.113279715,0.42799956,0.7431395,-0.22148716,-0.14383274,0.052182194,0.16753581,-0.087910496,0.111644864,0.4425904,-0.16427398,-0.1651754,-0.27485973,0.08639483,0.22455002,0.02292426,0.24083866,0.24108689,0.5343374,-0.17641859,-0.20893164,-0.07843584,0.14523357,0.7905463,-0.11939908,0.6562992,0.44291767,0.3860007,0.38700086,0.11913665,0.3529881,0.62366766,-0.09469845,-0.22041793,0.19333978,0.2098255
53,0.48555037,0.39833456,-0.16252856,0.16026329,0.012122233,0.10636488,0.21937586,-0.35075656,-0.06255722,0.47893423,0.24717562,-0.30789405,-0.15583238,0.2725221,0.2583783,-0.032403078,0.6412772,-0.030351207,0.81282747,0.35347602,0.9683022,-0.035589203,-0.1347049,0.11004667,-0.0478092,0.17554893,0.20685078,-0.0022067688,-0.19783548,0.5399228,0.6159109,0.15418564,0.107310355,0.15081272,0.16221236,0.18547767,0.14348872,0.6009345,0.028667197,-0.27605793,0.13544233,0.15555614,0.25181714,0.08012928,0.25627372,0.3637749,0.7215793,-0.17807353,-0.22955666,-0.020605385,0.0046060374,0.7556084,-0.11251391,0.54162157,0.17803493,0.27483135,0.59909046,0.007008642,0.35796306,0.61371934,0.07608779,-0.25568807,0.1841668,0.18122788
54,-0.1118921,-0.14906113,0.101688996,0.042443838,0.1644936,0.07776501,0.16259435,0.2884096,0.11422238,-0.015791763,0.21813169,0.044314813,0.1387267,-0.107093334,0.05860331,0.027323417,-0.19309103,-0.04609552,-0.34297514,-0.59116894,-0.772508,-0.0053143203,0.10078898,0.21065934,-0.06296507,-0.08927516,0.013788149,0.5576843,-0.13456345,-0.29973918,-0.04385022,0.2897227,0.0077686054,-0.25055552,0.054327726,-0.20806076,0.20246863,0.0063789673,-0.13605088,0.00076477206,0.26248962,-0.07174344,-0.23117037,0.15854596,-0.053549245,0.13178858,0.16572383,-0.104544364,0.21677084,0.10807128,0.061258357,0.14776705,0.0425494,-0.5382704,-0.09002276,-0.19457823,0.12327167,-0.15158486,0.18018454,-0.3430648,0.01918441,-0.033833805,0.14580677,0.045175627
55,0.13237374,-0.4210381,-0.16021504,-0.239542,-0.10668845,-0.22535083,0.0132949585,-0.008150278,0.16964509,0.0066144443,-0.032071296,0.18853906,-0.14585583,-0.15923078,0.081133425,0.2640023,-0.037585646,0.15553637,-0.23033324,-0.31096447,-0.3384871,-0.19650422,-0.019210301,0.12019415,0.0132857375,0.048597027,-0.04388641,0.21000631,0.080499426,-0.056300394,-0.14831908,0.21258822,-0.07223812,-0.055840526,0.098412186,-0.06437748,0.19876277,-0.17463265,0.050030842,0.12259035,0.08370901,0.009362167,-0.05719336,0.21419568,0.050766114,-0.039984766,-0.0410015,-0.008422568,0.20807731,0.17439915,-0.043501098,-0.079938635,0.08700898,-0.1991678,-0.16764759,-0.12709597,-0.15793566,0.037891403,-0.2776232,-0.119650535,-0.037468165,0.17894274,0.14208408,-0.14266175
56,-0.17360136,-0.17894875,0.14844309,0.13430193,0.03034209,0.05375087,0.1160108,-0.25516152,-0.00621319,0.09467317,-0.25175056,0.120564856,0.009986132,-0.20209432,-0.22443092,0.058757666,0.0006495267,-0.06444892,-0.05068317,-0.25409913,0.0031404314,-0.20331942,-0.16922754,-0.12982789,-0.2545396,-0.086235546,0.13684691,0.1088341,0.14914407,-0.21550947,-0.17491922,0.13021177,-0.18145113,-0.08227873,-0.0069981124,-0.08695498,0.007336393,-0.21287683,-0.17709967,0.06314976,0.08595051,-0.11987085,-0.18322615,0.21482627,0.03856105,-0.19504458,-0.027249873,-0.1040879,0.11635674,0.12506466,0.078562886,0.1585574,-0.08903662,0.046088457,-0.15600409,-0.04865892,-0.18551882,-0.15161343,0.17419212,-0.04962442,0.15696843,-0.08293752,0.14469878,0.102512464
57,0.3941957,0.3669715,-0.5093592,0.31861317,-0.06323638,0.31135038,0.20262285,-0.2240028,-0.005130771,0.45758262,0.16876571,-0.34600034,0.04683204,0.40988123,0.32519096,-0.19091867,0.549331,-0.080641136,0.8529563,0.57199126,0.6699679,0.21349864,-0.2305797,-0.07383807,-0.41109088,0.3833975,0.042273596,-0.30311835,0.06916995,0.3957,0.8515248,-0.14948224,-0.27000755,0.2130367,0.07458036,-0.1428607,0.28394163,0.56002194,0.039818093,-0.43976757,-0.14529051,0.31608945,0.04248378,-0.07474077,0.18469551,0.16796814,0.6789631,0.20641614,-0.12850767,0.15939383,0.19689566,0.7287567,-0.27163643,0.74193853,0.5597201,0.32181105,0.8515089,0.17516316,0.25711185,0.15674275,0.080238864,0.022015361,-0.08277248,0.18622662
58,0.46203265,0.35256413,-0.3805789,0.44384837,-0.10674822,0.24022688,0.23572776,-0.1565671,0.20965561,0.2947072,0.28740925,-0.4621157,-0.14145607,0.26912102,0.2540149,-0.32301822,0.5131839,0.019532531,0.57036364,0.64670557,0.652396,0.19315524,-0.3243288,0.20801328,-0.23492706,0.2483497,0.07587533,-0.4498441,0.15757512,0.5899274,0.93436444,-0.20487949,-0.12161301,0.22176276,-0.11039786,-0.18757087,0.21539958,0.48805785,0.05348204,-0.08702673,-0.014059943,0.41450217,0.3123368,0.07075344,0.20343754,0.014429187,0.77414817,-0.17216265,-0.03425564,0.15326227,0.060100686,0.8945235,-0.20900108,0.44875365,0.5625389,0.20531932,0.4461111,0.061922148,0.11823377,0.45295277,0.048979893,-0.23812439,0.069374606,-0.010368735
59,-0.06579784,-0.1417523,0.24880967,-0.23982349,0.062640816,0.09125805,0.41483268,0.31747243,-0.08814764,-0.17223047,-0.0909383,0.30176425,0.17929818,-0.18729846,-0.055218842,0.23913467,-0.043266647,-0.20025358,-0.52737355,-0.43203482,-0.49685365,-0.102927186,0.27767518,0.14907153,0.08290688,-0.15600744,-0.044268653,0.6312448,-0.2078467,-0.3100698,-0.06809827,-0.08714963,0.22227374,-0.26587778,0.14425017,0.12518576,0.05442636,0.027194716,0.0789129,0.04533568,0.5955893,-0.22680604,0.089246996,-0.04637149,-0.16307977,0.29501852,-0.029589105,-0.1529763,0.17321628,0.1158158,0.008669843,-0.033007424,-0.013007205,-0.38844854,-0.34415352,-0.1839675,0.25696728,-0.003097251,0.22768271,-0.33966345,0.06795801,0.2584768,0.15708159,0.19513397
60,0.40429613,0.23179072,-0.42467952,0.39950925,0.1749809,0.08525228,0.30458605,-0.32236403,0.22225203,0.45196378,0.108789444,-0.1401617,-0.08570759,0.44217464,0.2205504,-0.13927662,0.7024707,0.026254162,0.612463,0.48211163,0.81646335,0.05617611,-0.30884445,0.118241385,-0.26200122,0.08255436,0.06098397,-0.05325607,-0.079915375,0.65260875,0.7773084,0.08684427,0.14216903,0.28389034,-0.06556755,0.011130013,0.2563204,0.40054378,-0.06960781,-0.040569913,-0.17213516,0.45501992,0.108180605,0.11760031,0.00253568,0.21733272,0.8540506,-0.012473658,-0.078316204,-0.15251483,0.24408378,0.8241284,-0.16104297,0.61302894,0.50887,0.4093351,0.7640748,-0.009077534,0.36037746,0.2678707,-0.15673853,-0.018872889,0.19599445,-0.016466275
61,0.12571898,0.08481402,-0.021850929,-0.074637026,0.16584267,0.04938638,-0.18634999,-0.20510168,-0.25254744,0.056169737,0.038852308,-0.15984803,0.08739884,-0.1954813,-0.0071058646,-0.012853554,-0.0038489252,0.20342804,-0.12328925,0.13211934,0.07139688,-0.17765957,-0.044130784,-0.032514125,-0.24475192,-0.039111093,-0.111465074,0.086874485,-0.08547577,0.03501218,-0.082638204,0.05666627,-0.1914534,-0.12905313,0.080393404,-0.14669684,-0.04968427,0.1645076,-0.16547671,-0.021262683,-0.017411888,0.04171073,-0.029793782,-0.039878026,-0.061749816,0.15749376,0.06971443,-0.13734455,0.14546679,0.2003275,-0.24157903,-0.14752348,-0.02919202,-0.17429866,-0.106180385,0.09636567,-0.21601988,0.074619815,-0.23280708,0.06266019,-0.17842175,-0.01315111,0.109370515,-0.20760295
62,0.18358243,0.6226987,-0.10541838,0.3283479,0.1790694,0.3274206,0.2817936,-0.26932618,0.05291189,0.40313604,0.10234286,-0.21799092,-0.11765782,0.65236306,-0.057985567,0.094915904,0.5478889,-0.21179786,0.64684755,0.51106757,0.7331951,0.100522146,0.054947935,-0.036569804,-0.061743382,0.15914999,-0.022903726,-0.36952052,0.117709085,0.77220225,0.9036079,-0.016138952,-0.2402218,0.058124196,-0.15627263,-0.15757392,0.31799972,0.5219376,-0.10670633,0.0008300275,-0.30863854,0.24433108,0.47617814,-0.1480239,0.057353746,0.21768746,0.6318837,-0.06597343,-0.074135974,0.036399886,0.16784142,0.83128715,-0.22573662,0.53836113,0.5616071,0.2909234,0.8197962,0.18522672,0.5274515,0.7790876,-0.05929756,-0.14104006,0.072511,-0.0646932
63,-0.26319852,-0.283373,0.15762392,-0.24315949,0.14553794,0.13788858,0.52967757,0.09782725,0.036133487,-0.1902054,0.14907432,0.1804785,-0.036242396,-0.08521371,0.10954139,0.25884002,0.006060809,0.16060646,-0.4359052,-0.59653884,-0.6264638,-0.15031505,0.21919948,0.18500222,0.002714586,-0.2260128,-0.20768131,0.41616756,-0.09712006,-0.250797,-0.016132202,0.07152818,-0.12863457,-0.023977468,0.24317679,-0.20594798,0.13100633,0.012823122,0.05885364,0.1356541,0.4852316,-0.19260284,-0.16374592,-0.15874897,-0.11935282,0.28235742,-0.07052441,-0.05899112,0.1976673,-0.12673917,-0.2669507,0.28870735,0.26979825,-0.5740423,-0.21068542,-0.06741134,0.32162824,-0.048550144,0.042809956,-0.34236866,0.120502844,0.308282,0.013071254,0.14172374
